agenda_id,tecnico_id,data_inicio,data_fim,chamado_id,manutencao_id,descricao,status
1,55,2026-05-27 12:48:00,2026-06-06 16:00:00,1,1,Atendimento corretivo em andamento - tc,em atendimento
2,54,2026-05-30 00:33:00,2026-06-06 16:00:00,2,2,Atendimento corretivo em andamento - raio x,em atendimento
3,28,2026-05-06 23:35:00,2026-05-07 05:35:00,3,3,Manutencao corretiva - tc,concluido
4,4,2026-01-02 16:32:00,2026-01-02 18:32:00,5,4,Manutencao corretiva - raio x,concluido
5,4,2026-05-12 16:00:00,2026-05-12 18:00:00,6,5,Manutencao preventiva - ultrassom,concluido
6,39,2026-03-14 16:07:00,2026-03-14 20:07:00,7,6,Manutencao corretiva - ultrassom,concluido
7,53,2025-12-24 04:00:00,2025-12-24 10:00:00,8,7,Manutencao preventiva - ressonancia magnetica,concluido
8,36,2026-04-22 22:21:00,2026-04-23 04:21:00,10,8,Manutencao corretiva - ressonancia magnetica,concluido
9,15,2026-05-31 22:13:00,2026-06-01 01:13:00,11,,Visita corretiva agendada - ressonancia magnetica,agendado
10,18,2026-01-04 10:00:00,2026-01-04 12:00:00,12,9,Manutencao preventiva - ressonancia magnetica,concluido
11,22,2026-05-29 00:53:00,2026-06-06 16:00:00,13,10,Atendimento corretivo em andamento - angiografia,em atendimento
12,20,2026-05-04 07:51:00,2026-05-04 09:51:00,14,11,Manutencao corretiva - arco cirurgico,concluido
13,44,2026-02-15 09:00:00,2026-02-15 13:00:00,16,12,Manutencao preventiva - ressonancia magnetica,concluido
14,32,2026-05-31 09:02:00,2026-05-31 14:02:00,17,,Visita corretiva agendada - arco cirurgico,agendado
15,42,2026-04-08 04:00:00,2026-04-08 10:00:00,18,13,Manutencao preventiva - arco cirurgico,concluido
16,17,2026-04-01 11:00:00,2026-04-01 16:00:00,19,14,Manutencao preventiva - pet,concluido
17,37,2026-01-03 22:42:00,2026-01-04 05:42:00,21,15,Manutencao corretiva - tc,concluido
18,7,2026-05-29 08:06:00,2026-06-06 16:00:00,22,16,Atendimento corretivo em andamento - tc,em atendimento
19,6,2026-05-29 03:51:00,2026-06-06 16:00:00,24,17,Atendimento corretivo em andamento - pet,em atendimento
20,55,2026-04-15 17:05:00,2026-04-15 21:05:00,25,18,Manutencao corretiva - tc,concluido
21,2,2026-04-07 15:37:00,2026-04-07 22:37:00,26,19,Manutencao corretiva - angiografia,concluido
22,22,2026-05-30 08:38:00,2026-05-30 11:38:00,27,,Visita corretiva agendada - angiografia,agendado
23,56,2026-06-04 14:30:00,2026-06-04 16:30:00,28,,Visita corretiva agendada - ressonancia magnetica,agendado
24,47,2026-06-04 16:53:00,2026-06-06 16:00:00,29,20,Atendimento corretivo em andamento - tc,em atendimento
25,25,2026-05-25 02:14:00,2026-06-06 16:00:00,30,21,Atendimento corretivo em andamento - pet,em atendimento
26,4,2026-05-28 02:56:00,2026-05-28 07:56:00,31,,Visita corretiva agendada - raio x,agendado
27,56,2026-01-17 05:00:00,2026-01-17 08:00:00,32,22,Manutencao preventiva - ressonancia magnetica,concluido
28,23,2026-05-28 04:11:00,2026-06-06 16:00:00,33,23,Atendimento corretivo em andamento - ultrassom,em atendimento
29,40,2026-05-02 15:00:00,2026-05-02 19:00:00,34,24,Manutencao preventiva - ultrassom,concluido
30,6,2026-05-27 10:51:00,2026-05-27 15:51:00,35,,Visita corretiva agendada - angiografia,agendado
31,12,2026-05-26 10:44:00,2026-06-06 16:00:00,36,25,Atendimento corretivo em andamento - angiografia,em atendimento
32,57,2026-02-13 11:00:00,2026-02-13 17:00:00,39,26,Manutencao preventiva - arco cirurgico,concluido
33,59,2026-01-16 17:48:00,2026-01-17 02:48:00,40,27,Manutencao corretiva - ultrassom,concluido
34,1,2026-02-07 22:58:00,2026-02-08 01:58:00,41,28,Manutencao corretiva - ressonancia magnetica,concluido
35,21,2026-01-03 04:59:00,2026-01-03 13:59:00,42,29,Manutencao corretiva - pet,concluido
36,31,2025-12-31 22:52:00,2026-01-01 05:52:00,43,30,Manutencao corretiva - tc,concluido
37,3,2026-05-27 19:33:00,2026-06-06 16:00:00,44,31,Atendimento corretivo em andamento - raio x,em atendimento
38,49,2026-03-15 20:18:00,2026-03-15 22:18:00,45,32,Manutencao corretiva - tc,concluido
39,23,2026-06-04 16:56:00,2026-06-04 20:56:00,46,,Visita corretiva agendada - ultrassom,agendado
40,6,2026-01-06 00:15:00,2026-01-06 09:15:00,47,33,Manutencao corretiva - raio x,concluido
41,42,2026-05-02 00:21:00,2026-05-02 05:21:00,48,34,Manutencao corretiva - arco cirurgico,concluido
42,29,2026-04-17 16:26:00,2026-04-17 21:26:00,49,35,Manutencao corretiva - arco cirurgico,concluido
43,7,2026-05-20 05:00:00,2026-05-20 09:00:00,50,36,Manutencao preventiva - angiografia,concluido
44,49,2026-04-01 05:00:00,2026-04-01 09:00:00,53,37,Manutencao preventiva - angiografia,concluido
45,50,2026-05-30 06:07:00,2026-05-30 11:07:00,54,,Visita corretiva agendada - ultrassom,agendado
46,21,2026-01-28 22:00:00,2026-01-29 02:00:00,55,38,Manutencao preventiva - ultrassom,concluido
47,5,2026-04-22 17:49:00,2026-04-22 21:49:00,56,39,Manutencao corretiva - angiografia,concluido
48,17,2026-05-10 14:35:00,2026-05-10 21:35:00,58,40,Manutencao corretiva - ressonancia magnetica,concluido
49,1,2026-05-26 04:18:00,2026-05-26 09:18:00,61,,Visita corretiva agendada - raio x,agendado
50,32,2026-06-01 23:37:00,2026-06-06 16:00:00,62,41,Atendimento corretivo em andamento - arco cirurgico,em atendimento
51,30,2026-05-28 23:11:00,2026-05-29 03:11:00,63,,Visita corretiva agendada - angiografia,agendado
52,48,2026-05-02 17:00:00,2026-05-02 19:00:00,64,42,Manutencao preventiva - ressonancia magnetica,concluido
53,56,2026-03-15 23:00:00,2026-03-16 02:00:00,65,43,Manutencao preventiva - raio x,concluido
54,14,2026-05-26 02:24:00,2026-05-26 05:24:00,67,,Visita corretiva agendada - angiografia,agendado
55,22,2026-04-24 13:58:00,2026-04-24 19:58:00,68,44,Manutencao corretiva - tc,concluido
56,55,2026-05-21 13:00:00,2026-05-21 19:00:00,69,45,Manutencao preventiva - pet,concluido
57,31,2026-01-05 20:39:00,2026-01-06 00:39:00,70,46,Manutencao corretiva - tc,concluido
58,13,2026-06-04 14:41:00,2026-06-04 16:41:00,71,,Visita corretiva agendada - tc,agendado
59,35,2026-04-05 07:32:00,2026-04-05 14:32:00,72,47,Manutencao corretiva - raio x,concluido
60,28,2026-01-28 18:00:00,2026-01-28 21:00:00,73,48,Manutencao preventiva - raio x,concluido
61,54,2026-01-27 07:00:00,2026-01-27 13:00:00,74,49,Manutencao preventiva - raio x,concluido
62,29,2026-02-07 11:45:00,2026-02-07 16:45:00,75,50,Manutencao corretiva - angiografia,concluido
63,24,2026-02-10 18:13:00,2026-02-11 01:13:00,76,51,Manutencao corretiva - ultrassom,concluido
64,32,2026-02-28 03:05:00,2026-02-28 09:05:00,77,52,Manutencao corretiva - angiografia,concluido
65,51,2026-06-03 11:30:00,2026-06-03 16:30:00,78,,Visita corretiva agendada - pet,agendado
66,45,2026-04-19 04:00:00,2026-04-19 08:00:00,82,53,Manutencao preventiva - ultrassom,concluido
67,30,2026-06-02 09:22:00,2026-06-02 13:22:00,84,,Visita corretiva agendada - ultrassom,agendado
68,50,2026-04-24 02:00:00,2026-04-24 04:00:00,85,54,Manutencao preventiva - ressonancia magnetica,concluido
69,40,2026-06-02 08:24:00,2026-06-06 16:00:00,86,55,Atendimento corretivo em andamento - ultrassom,em atendimento
70,30,2026-05-28 18:51:00,2026-06-06 16:00:00,87,56,Atendimento corretivo em andamento - ultrassom,em atendimento
71,59,2026-01-24 05:00:00,2026-01-24 10:00:00,88,57,Manutencao preventiva - ultrassom,concluido
72,15,2026-04-10 23:00:00,2026-04-11 03:00:00,89,58,Manutencao preventiva - pet,concluido
73,53,2026-03-14 03:46:00,2026-03-14 07:46:00,90,59,Manutencao corretiva - raio x,concluido
74,18,2026-06-01 16:48:00,2026-06-01 18:48:00,91,,Visita corretiva agendada - arco cirurgico,agendado
75,10,2026-01-10 11:00:00,2026-01-10 17:00:00,92,60,Manutencao preventiva - ultrassom,concluido
76,47,2026-05-30 08:49:00,2026-05-30 10:49:00,93,,Visita corretiva agendada - tc,agendado
77,18,2026-06-04 09:20:00,2026-06-06 16:00:00,94,61,Atendimento corretivo em andamento - pet,em atendimento
78,32,2026-04-03 06:41:00,2026-04-03 10:41:00,95,62,Manutencao corretiva - pet,concluido
79,27,2026-06-01 19:02:00,2026-06-01 21:02:00,97,,Visita corretiva agendada - arco cirurgico,agendado
80,19,2026-01-28 04:26:00,2026-01-28 07:26:00,99,63,Manutencao corretiva - arco cirurgico,concluido
81,32,2025-12-29 12:34:00,2025-12-29 21:34:00,100,64,Manutencao corretiva - pet,concluido
82,44,2026-04-07 21:52:00,2026-04-08 01:52:00,101,65,Manutencao corretiva - ultrassom,concluido
83,16,2026-06-02 21:37:00,2026-06-06 16:00:00,102,66,Atendimento corretivo em andamento - tc,em atendimento
84,29,2026-05-14 13:22:00,2026-05-14 21:22:00,103,67,Manutencao corretiva - arco cirurgico,concluido
85,53,2026-02-17 01:24:00,2026-02-17 06:24:00,105,68,Manutencao corretiva - ressonancia magnetica,concluido
86,31,2026-05-26 04:17:00,2026-05-26 09:17:00,106,,Visita corretiva agendada - raio x,agendado
87,4,2026-02-17 12:37:00,2026-02-17 19:37:00,107,69,Manutencao corretiva - ultrassom,concluido
88,29,2026-06-04 01:20:00,2026-06-06 16:00:00,108,70,Atendimento corretivo em andamento - angiografia,em atendimento
89,22,2026-03-02 16:00:00,2026-03-02 18:00:00,109,71,Manutencao preventiva - angiografia,concluido
90,37,2026-03-01 13:00:00,2026-03-01 17:00:00,110,72,Manutencao preventiva - angiografia,concluido
91,40,2026-01-15 23:00:00,2026-01-16 04:00:00,111,73,Manutencao preventiva - raio x,concluido
92,18,2026-05-24 21:12:00,2026-05-25 02:12:00,112,,Visita corretiva agendada - pet,agendado
93,16,2026-01-21 19:00:00,2026-01-21 23:00:00,113,74,Manutencao preventiva - tc,concluido
94,41,2026-01-12 15:00:00,2026-01-12 21:00:00,115,75,Manutencao preventiva - raio x,concluido
95,34,2026-05-30 11:55:00,2026-05-30 13:55:00,116,,Visita corretiva agendada - angiografia,agendado
96,60,2026-03-17 11:18:00,2026-03-17 16:18:00,117,76,Manutencao corretiva - raio x,concluido
97,15,2026-03-02 05:00:00,2026-03-02 09:00:00,118,77,Manutencao preventiva - ressonancia magnetica,concluido
98,14,2026-01-09 18:44:00,2026-01-09 20:44:00,119,78,Manutencao corretiva - pet,concluido
99,7,2026-05-27 22:52:00,2026-06-06 16:00:00,121,79,Atendimento corretivo em andamento - raio x,em atendimento
100,48,2026-03-28 01:31:00,2026-03-28 05:31:00,122,80,Manutencao corretiva - ressonancia magnetica,concluido
101,47,2026-03-20 07:56:00,2026-03-20 16:56:00,123,81,Manutencao corretiva - tc,concluido
102,53,2026-02-24 19:23:00,2026-02-25 02:23:00,124,82,Manutencao corretiva - ressonancia magnetica,concluido
103,54,2026-01-30 02:36:00,2026-01-30 10:36:00,127,83,Manutencao corretiva - ressonancia magnetica,concluido
104,10,2025-12-31 19:00:00,2026-01-01 00:00:00,132,84,Manutencao preventiva - arco cirurgico,concluido
105,57,2026-05-29 21:42:00,2026-06-06 16:00:00,133,85,Atendimento corretivo em andamento - arco cirurgico,em atendimento
106,58,2026-02-16 08:05:00,2026-02-16 13:05:00,134,86,Manutencao corretiva - tc,concluido
107,24,2026-02-14 02:00:00,2026-02-14 07:00:00,135,87,Manutencao preventiva - ultrassom,concluido
108,18,2026-05-20 23:45:00,2026-05-21 08:45:00,136,88,Manutencao corretiva - raio x,concluido
109,8,2026-04-11 10:01:00,2026-04-11 14:01:00,137,89,Manutencao corretiva - arco cirurgico,concluido
110,6,2026-02-25 23:00:00,2026-02-26 03:00:00,138,90,Manutencao preventiva - tc,concluido
111,31,2026-04-30 19:26:00,2026-04-30 23:26:00,140,91,Manutencao corretiva - tc,concluido
112,51,2026-06-03 21:10:00,2026-06-04 00:10:00,141,,Visita corretiva agendada - angiografia,agendado
113,40,2026-03-06 22:27:00,2026-03-07 07:27:00,142,92,Manutencao corretiva - ultrassom,concluido
114,27,2026-01-29 14:16:00,2026-01-29 17:16:00,144,93,Manutencao corretiva - raio x,concluido
115,15,2026-04-07 18:00:00,2026-04-07 23:00:00,145,94,Manutencao preventiva - tc,concluido
116,44,2026-04-18 20:00:00,2026-04-19 01:00:00,146,95,Manutencao preventiva - ultrassom,concluido
117,7,2026-01-31 01:00:00,2026-01-31 06:00:00,148,96,Manutencao preventiva - angiografia,concluido
118,40,2026-03-18 15:00:00,2026-03-18 17:00:00,149,97,Manutencao preventiva - pet,concluido
119,4,2026-01-05 08:11:00,2026-01-05 10:11:00,150,98,Manutencao corretiva - ultrassom,concluido
120,4,2026-06-04 00:00:00,2026-06-06 16:00:00,151,99,Atendimento corretivo em andamento - tc,em atendimento
121,1,2026-05-30 22:50:00,2026-06-06 16:00:00,155,100,Atendimento corretivo em andamento - raio x,em atendimento
122,40,2026-06-02 18:26:00,2026-06-02 21:26:00,156,,Visita corretiva agendada - ultrassom,agendado
123,25,2025-12-31 11:05:00,2025-12-31 16:05:00,157,101,Manutencao corretiva - pet,concluido
124,30,2026-02-03 02:00:00,2026-02-03 05:00:00,158,102,Manutencao preventiva - tc,concluido
125,32,2026-01-20 15:39:00,2026-01-20 20:39:00,159,103,Manutencao corretiva - raio x,concluido
126,10,2026-02-16 05:23:00,2026-02-16 11:23:00,161,104,Manutencao corretiva - angiografia,concluido
127,46,2026-05-28 19:00:00,2026-06-06 16:00:00,162,105,Atendimento corretivo em andamento - tc,em atendimento
128,7,2026-02-05 10:32:00,2026-02-05 13:32:00,164,106,Manutencao corretiva - angiografia,concluido
129,24,2026-01-22 09:12:00,2026-01-22 18:12:00,165,107,Manutencao corretiva - ultrassom,concluido
130,40,2026-05-26 01:47:00,2026-06-06 16:00:00,167,108,Atendimento corretivo em andamento - ultrassom,em atendimento
131,17,2026-06-02 00:15:00,2026-06-02 02:15:00,168,,Visita corretiva agendada - pet,agendado
132,55,2026-02-28 13:36:00,2026-02-28 17:36:00,169,109,Manutencao corretiva - pet,concluido
133,37,2026-06-04 02:25:00,2026-06-04 06:25:00,170,,Visita corretiva agendada - tc,agendado
134,14,2026-05-28 07:19:00,2026-05-28 10:19:00,171,,Visita corretiva agendada - pet,agendado
135,20,2026-02-05 02:46:00,2026-02-05 06:46:00,172,110,Manutencao corretiva - arco cirurgico,concluido
136,25,2026-04-13 15:00:00,2026-04-13 21:00:00,173,111,Manutencao preventiva - ressonancia magnetica,concluido
137,18,2026-05-28 08:44:00,2026-05-28 12:44:00,174,,Visita corretiva agendada - raio x,agendado
138,33,2026-06-03 17:00:00,2026-06-06 16:00:00,177,112,Atendimento corretivo em andamento - arco cirurgico,em atendimento
139,7,2026-01-06 19:25:00,2026-01-07 01:25:00,178,113,Manutencao corretiva - angiografia,concluido
140,9,2026-06-02 02:30:00,2026-06-02 05:30:00,179,,Visita corretiva agendada - angiografia,agendado
141,42,2026-06-03 16:20:00,2026-06-03 18:20:00,180,,Visita corretiva agendada - arco cirurgico,agendado
142,49,2026-06-02 11:00:00,2026-06-06 16:00:00,181,114,Atendimento corretivo em andamento - angiografia,em atendimento
143,51,2026-01-13 13:08:00,2026-01-13 21:08:00,182,115,Manutencao corretiva - tc,concluido
144,4,2025-12-30 15:57:00,2025-12-30 21:57:00,183,116,Manutencao corretiva - raio x,concluido
145,32,2026-01-05 00:31:00,2026-01-05 03:31:00,184,117,Manutencao corretiva - pet,concluido
146,9,2026-06-01 19:52:00,2026-06-06 16:00:00,185,118,Atendimento corretivo em andamento - tc,em atendimento
147,37,2026-04-16 12:11:00,2026-04-16 20:11:00,186,119,Manutencao corretiva - angiografia,concluido
148,30,2026-02-05 16:00:00,2026-02-05 19:00:00,187,120,Manutencao preventiva - ultrassom,concluido
149,25,2026-03-26 18:00:00,2026-03-26 23:00:00,188,121,Manutencao preventiva - ultrassom,concluido
150,48,2026-01-29 15:00:00,2026-01-29 19:00:00,189,122,Manutencao preventiva - pet,concluido
151,23,2026-01-07 19:20:00,2026-01-07 22:20:00,192,123,Manutencao corretiva - pet,concluido
152,17,2026-01-15 21:57:00,2026-01-16 03:57:00,193,124,Manutencao corretiva - pet,concluido
153,13,2026-06-02 05:39:00,2026-06-02 08:39:00,194,,Visita corretiva agendada - arco cirurgico,agendado
154,37,2026-05-31 20:41:00,2026-05-31 23:41:00,195,,Visita corretiva agendada - raio x,agendado
155,8,2026-04-23 14:55:00,2026-04-23 20:55:00,196,125,Manutencao corretiva - arco cirurgico,concluido
156,37,2026-06-02 17:15:00,2026-06-02 22:15:00,197,,Visita corretiva agendada - raio x,agendado
157,53,2026-05-06 16:41:00,2026-05-06 22:41:00,198,126,Manutencao corretiva - raio x,concluido
158,21,2026-05-07 23:19:00,2026-05-08 03:19:00,199,127,Manutencao corretiva - ultrassom,concluido
159,7,2026-05-28 17:11:00,2026-05-28 22:11:00,200,,Visita corretiva agendada - angiografia,agendado
160,3,2026-02-15 09:19:00,2026-02-15 12:19:00,201,128,Manutencao corretiva - tc,concluido
161,44,2026-02-12 23:31:00,2026-02-13 02:31:00,202,129,Manutencao corretiva - raio x,concluido
162,56,2026-03-05 08:00:00,2026-03-05 12:00:00,203,130,Manutencao preventiva - ressonancia magnetica,concluido
163,32,2026-02-24 18:00:00,2026-02-25 00:00:00,204,131,Manutencao preventiva - pet,concluido
164,31,2026-02-02 03:22:00,2026-02-02 10:22:00,205,132,Manutencao corretiva - tc,concluido
165,35,2026-04-12 13:31:00,2026-04-12 18:31:00,206,133,Manutencao corretiva - tc,concluido
166,29,2026-04-08 17:29:00,2026-04-08 20:29:00,208,134,Manutencao corretiva - angiografia,concluido
167,26,2026-01-14 23:40:00,2026-01-15 08:40:00,209,135,Manutencao corretiva - tc,concluido
168,51,2026-05-29 18:51:00,2026-05-29 21:51:00,210,,Visita corretiva agendada - ressonancia magnetica,agendado
169,27,2025-12-30 16:00:00,2025-12-30 21:00:00,211,136,Manutencao preventiva - pet,concluido
170,26,2026-06-03 07:22:00,2026-06-03 12:22:00,212,,Visita corretiva agendada - tc,agendado
171,21,2026-06-02 17:00:00,2026-06-06 16:00:00,213,137,Atendimento corretivo em andamento - pet,em atendimento
172,25,2026-05-28 00:10:00,2026-05-28 05:10:00,214,,Visita corretiva agendada - ressonancia magnetica,agendado
173,59,2026-05-25 00:00:00,2026-05-25 02:00:00,215,138,Manutencao preventiva - angiografia,concluido
174,6,2026-01-14 19:10:00,2026-01-15 01:10:00,216,139,Manutencao corretiva - tc,concluido
175,20,2026-01-30 10:05:00,2026-01-30 13:05:00,217,140,Manutencao corretiva - raio x,concluido
176,10,2026-01-13 14:00:00,2026-01-13 19:00:00,219,141,Manutencao preventiva - ultrassom,concluido
177,9,2026-05-24 23:26:00,2026-05-25 03:26:00,220,,Visita corretiva agendada - pet,agendado
178,32,2026-02-14 23:02:00,2026-02-15 04:02:00,221,142,Manutencao corretiva - raio x,concluido
179,59,2026-01-08 22:00:00,2026-01-09 00:00:00,223,143,Manutencao preventiva - ultrassom,concluido
180,20,2026-01-16 12:00:00,2026-01-16 16:00:00,224,144,Manutencao preventiva - arco cirurgico,concluido
181,59,2026-05-29 17:34:00,2026-06-06 16:00:00,225,145,Atendimento corretivo em andamento - ultrassom,em atendimento
182,37,2026-04-28 01:15:00,2026-04-28 08:15:00,226,146,Manutencao corretiva - tc,concluido
183,5,2026-03-25 21:34:00,2026-03-26 00:34:00,227,147,Manutencao corretiva - arco cirurgico,concluido
184,57,2026-05-07 16:00:00,2026-05-07 20:00:00,228,148,Manutencao preventiva - tc,concluido
185,15,2026-01-15 03:00:00,2026-01-15 08:00:00,229,149,Manutencao preventiva - ressonancia magnetica,concluido
186,32,2025-12-27 19:01:00,2025-12-28 00:01:00,230,150,Manutencao corretiva - pet,concluido
187,4,2026-04-03 19:32:00,2026-04-04 03:32:00,231,151,Manutencao corretiva - tc,concluido
188,60,2026-05-30 02:27:00,2026-05-30 04:27:00,232,,Visita corretiva agendada - raio x,agendado
189,7,2026-02-10 20:17:00,2026-02-11 04:17:00,234,152,Manutencao corretiva - tc,concluido
190,26,2026-05-31 09:42:00,2026-05-31 11:42:00,237,,Visita corretiva agendada - angiografia,agendado
191,13,2026-01-09 08:00:00,2026-01-09 14:00:00,238,153,Manutencao preventiva - raio x,concluido
192,24,2026-05-26 12:39:00,2026-05-26 16:39:00,239,,Visita corretiva agendada - raio x,agendado
193,59,2026-05-29 05:17:00,2026-05-29 10:17:00,240,,Visita corretiva agendada - ultrassom,agendado
194,25,2026-02-27 18:00:00,2026-02-28 00:00:00,241,154,Manutencao preventiva - tc,concluido
195,43,2026-03-19 09:46:00,2026-03-19 14:46:00,242,155,Manutencao corretiva - angiografia,concluido
196,23,2026-05-25 05:13:00,2026-06-06 16:00:00,243,156,Atendimento corretivo em andamento - pet,em atendimento
197,56,2026-03-06 06:00:00,2026-03-06 08:00:00,244,157,Manutencao preventiva - ressonancia magnetica,concluido
198,49,2026-05-19 02:31:00,2026-05-19 11:31:00,247,158,Manutencao corretiva - angiografia,concluido
199,60,2026-02-21 22:34:00,2026-02-22 07:34:00,248,159,Manutencao corretiva - raio x,concluido
200,4,2026-06-01 05:14:00,2026-06-01 08:14:00,249,,Visita corretiva agendada - ultrassom,agendado
201,12,2026-04-13 21:21:00,2026-04-14 06:21:00,250,160,Manutencao corretiva - angiografia,concluido
202,19,2026-05-28 04:15:00,2026-06-06 16:00:00,251,161,Atendimento corretivo em andamento - pet,em atendimento
203,25,2026-01-25 21:00:00,2026-01-26 00:00:00,253,162,Manutencao preventiva - tc,concluido
204,13,2026-05-30 00:03:00,2026-05-30 03:03:00,254,,Visita corretiva agendada - tc,agendado
205,11,2026-01-25 20:00:00,2026-01-25 23:00:00,255,163,Manutencao preventiva - raio x,concluido
206,32,2026-05-31 13:33:00,2026-05-31 18:33:00,256,,Visita corretiva agendada - raio x,agendado
207,40,2026-04-19 07:29:00,2026-04-19 16:29:00,257,164,Manutencao corretiva - ultrassom,concluido
208,51,2026-01-19 03:21:00,2026-01-19 09:21:00,258,165,Manutencao corretiva - ressonancia magnetica,concluido
209,15,2026-02-06 09:00:00,2026-02-06 11:00:00,259,166,Manutencao preventiva - pet,concluido
210,30,2026-02-22 09:00:00,2026-02-22 13:00:00,260,167,Manutencao preventiva - angiografia,concluido
211,2,2026-04-07 02:47:00,2026-04-07 11:47:00,261,168,Manutencao corretiva - angiografia,concluido
212,37,2026-01-13 13:29:00,2026-01-13 20:29:00,262,169,Manutencao corretiva - raio x,concluido
213,22,2026-02-08 10:00:00,2026-02-08 13:00:00,263,170,Manutencao preventiva - angiografia,concluido
214,53,2026-03-11 07:17:00,2026-03-11 14:17:00,264,171,Manutencao corretiva - angiografia,concluido
215,24,2026-05-18 15:00:00,2026-05-18 20:00:00,265,172,Manutencao preventiva - ultrassom,concluido
216,37,2026-05-29 20:39:00,2026-05-29 23:39:00,266,,Visita corretiva agendada - tc,agendado
217,4,2026-05-31 05:01:00,2026-06-06 16:00:00,267,173,Atendimento corretivo em andamento - ultrassom,em atendimento
218,60,2026-05-26 00:54:00,2026-05-26 02:54:00,268,,Visita corretiva agendada - ultrassom,agendado
219,35,2026-05-30 06:16:00,2026-05-30 08:16:00,269,,Visita corretiva agendada - ressonancia magnetica,agendado
220,20,2026-06-04 12:10:00,2026-06-06 16:00:00,270,174,Atendimento corretivo em andamento - raio x,em atendimento
221,4,2026-02-22 10:12:00,2026-02-22 18:12:00,271,175,Manutencao corretiva - ultrassom,concluido
222,9,2026-02-26 14:00:00,2026-02-26 16:00:00,274,176,Manutencao preventiva - pet,concluido
223,15,2026-05-30 07:01:00,2026-06-06 16:00:00,275,177,Atendimento corretivo em andamento - pet,em atendimento
224,58,2026-01-14 16:00:00,2026-01-14 18:00:00,276,178,Manutencao preventiva - pet,concluido
225,13,2025-12-31 19:00:00,2026-01-01 01:00:00,277,179,Manutencao preventiva - tc,concluido
226,51,2026-01-08 19:00:00,2026-01-08 22:00:00,279,180,Manutencao preventiva - pet,concluido
227,16,2026-04-05 23:53:00,2026-04-06 05:53:00,281,181,Manutencao corretiva - arco cirurgico,concluido
228,32,2026-05-26 17:55:00,2026-05-26 22:55:00,282,,Visita corretiva agendada - angiografia,agendado
229,51,2026-03-06 05:01:00,2026-03-06 07:01:00,283,182,Manutencao corretiva - pet,concluido
230,45,2026-01-26 09:38:00,2026-01-26 17:38:00,284,183,Manutencao corretiva - ressonancia magnetica,concluido
231,10,2026-01-27 23:16:00,2026-01-28 01:16:00,286,184,Manutencao corretiva - ultrassom,concluido
232,24,2026-05-30 18:04:00,2026-06-06 16:00:00,288,185,Atendimento corretivo em andamento - ultrassom,em atendimento
233,24,2026-01-22 20:00:00,2026-01-22 22:00:00,289,186,Manutencao preventiva - ressonancia magnetica,concluido
234,41,2026-02-16 23:58:00,2026-02-17 04:58:00,290,187,Manutencao corretiva - arco cirurgico,concluido
235,19,2026-05-28 15:50:00,2026-06-06 16:00:00,291,188,Atendimento corretivo em andamento - arco cirurgico,em atendimento
236,7,2026-02-14 15:57:00,2026-02-15 00:57:00,292,189,Manutencao corretiva - angiografia,concluido
237,51,2026-01-09 08:00:00,2026-01-09 14:00:00,293,190,Manutencao preventiva - ressonancia magnetica,concluido
238,37,2026-03-07 10:00:00,2026-03-07 13:00:00,294,191,Manutencao preventiva - angiografia,concluido
239,51,2026-03-02 09:00:00,2026-03-02 11:00:00,295,192,Manutencao preventiva - pet,concluido
240,53,2026-06-01 14:32:00,2026-06-06 16:00:00,296,193,Atendimento corretivo em andamento - ultrassom,em atendimento
241,35,2025-12-31 18:48:00,2026-01-01 02:48:00,297,194,Manutencao corretiva - angiografia,concluido
242,53,2026-02-11 05:00:00,2026-02-11 10:00:00,298,195,Manutencao preventiva - angiografia,concluido
243,21,2026-04-22 02:50:00,2026-04-22 11:50:00,299,196,Manutencao corretiva - ultrassom,concluido
244,13,2026-05-31 10:24:00,2026-05-31 13:24:00,300,,Visita corretiva agendada - tc,agendado
245,35,2026-02-10 13:24:00,2026-02-10 15:24:00,301,197,Manutencao corretiva - tc,concluido
246,10,2026-01-19 03:54:00,2026-01-19 08:54:00,302,198,Manutencao corretiva - ultrassom,concluido
247,26,2026-02-24 23:06:00,2026-02-25 05:06:00,303,199,Manutencao corretiva - angiografia,concluido
248,22,2026-03-10 07:00:00,2026-03-10 10:00:00,304,200,Manutencao preventiva - angiografia,concluido
249,39,2026-01-23 07:57:00,2026-01-23 14:57:00,306,201,Manutencao corretiva - pet,concluido
250,35,2026-01-18 17:02:00,2026-01-19 02:02:00,307,202,Manutencao corretiva - tc,concluido
251,38,2026-05-30 08:50:00,2026-05-30 11:50:00,308,,Visita corretiva agendada - angiografia,agendado
252,25,2026-01-19 06:44:00,2026-01-19 09:44:00,309,203,Manutencao corretiva - pet,concluido
253,18,2026-03-27 10:56:00,2026-03-27 14:56:00,311,204,Manutencao corretiva - arco cirurgico,concluido
254,42,2026-05-25 10:15:00,2026-06-06 16:00:00,312,205,Atendimento corretivo em andamento - tc,em atendimento
255,20,2026-04-20 01:00:00,2026-04-20 05:00:00,313,206,Manutencao preventiva - raio x,concluido
256,18,2026-02-20 02:00:00,2026-02-20 06:00:00,314,207,Manutencao preventiva - ressonancia magnetica,concluido
257,7,2026-01-18 04:20:00,2026-01-18 13:20:00,315,208,Manutencao corretiva - arco cirurgico,concluido
258,12,2026-06-01 08:50:00,2026-06-06 16:00:00,316,209,Atendimento corretivo em andamento - angiografia,em atendimento
259,6,2026-05-26 15:40:00,2026-06-06 16:00:00,318,210,Atendimento corretivo em andamento - angiografia,em atendimento
260,35,2026-05-24 21:39:00,2026-05-24 23:39:00,319,,Visita corretiva agendada - raio x,agendado
261,19,2026-01-10 21:14:00,2026-01-11 02:14:00,321,211,Manutencao corretiva - angiografia,concluido
262,14,2026-02-15 16:00:00,2026-02-15 19:00:00,322,212,Manutencao preventiva - pet,concluido
263,33,2026-05-25 20:16:00,2026-05-26 01:16:00,323,,Visita corretiva agendada - arco cirurgico,agendado
264,48,2026-02-18 23:00:00,2026-02-19 01:00:00,324,213,Manutencao preventiva - ressonancia magnetica,concluido
265,33,2026-05-29 12:04:00,2026-05-29 16:04:00,325,,Visita corretiva agendada - raio x,agendado
266,9,2026-04-08 08:00:00,2026-04-08 12:00:00,326,214,Manutencao preventiva - angiografia,concluido
267,28,2026-04-09 19:28:00,2026-04-10 03:28:00,329,215,Manutencao corretiva - tc,concluido
268,7,2026-05-02 04:34:00,2026-05-02 08:34:00,330,216,Manutencao corretiva - arco cirurgico,concluido
269,58,2026-04-16 07:00:00,2026-04-16 12:00:00,331,217,Manutencao preventiva - tc,concluido
270,53,2026-06-04 16:55:00,2026-06-06 16:00:00,332,218,Atendimento corretivo em andamento - ressonancia magnetica,em atendimento
271,2,2026-05-31 21:12:00,2026-06-06 16:00:00,334,219,Atendimento corretivo em andamento - raio x,em atendimento
272,44,2026-03-30 20:00:00,2026-03-31 01:00:00,335,220,Manutencao preventiva - raio x,concluido
273,31,2026-03-12 23:47:00,2026-03-13 06:47:00,337,221,Manutencao corretiva - tc,concluido
274,30,2026-04-26 02:00:00,2026-04-26 06:00:00,338,222,Manutencao preventiva - angiografia,concluido
275,59,2026-02-16 18:51:00,2026-02-17 01:51:00,339,223,Manutencao corretiva - ultrassom,concluido
276,1,2026-03-22 06:00:00,2026-03-22 11:00:00,340,224,Manutencao preventiva - ressonancia magnetica,concluido
277,24,2026-05-28 22:41:00,2026-05-29 02:41:00,342,,Visita corretiva agendada - ultrassom,agendado
278,7,2026-06-04 02:24:00,2026-06-06 16:00:00,343,225,Atendimento corretivo em andamento - angiografia,em atendimento
279,10,2026-05-29 22:12:00,2026-05-30 01:12:00,345,,Visita corretiva agendada - arco cirurgico,agendado
280,50,2026-03-20 08:02:00,2026-03-20 12:02:00,347,226,Manutencao corretiva - ressonancia magnetica,concluido
281,4,2026-06-03 08:07:00,2026-06-03 13:07:00,348,,Visita corretiva agendada - raio x,agendado
282,38,2026-06-04 14:45:00,2026-06-06 16:00:00,349,227,Atendimento corretivo em andamento - ressonancia magnetica,em atendimento
283,51,2026-01-06 08:52:00,2026-01-06 16:52:00,350,228,Manutencao corretiva - angiografia,concluido
284,18,2026-03-17 10:00:00,2026-03-17 13:00:00,351,229,Manutencao preventiva - pet,concluido
285,20,2026-02-12 08:37:00,2026-02-12 12:37:00,352,230,Manutencao corretiva - ressonancia magnetica,concluido
286,1,2026-03-14 01:23:00,2026-03-14 05:23:00,353,231,Manutencao corretiva - raio x,concluido
287,7,2026-04-19 18:45:00,2026-04-19 20:45:00,354,232,Manutencao corretiva - tc,concluido
288,29,2026-02-15 19:01:00,2026-02-15 21:01:00,355,233,Manutencao corretiva - angiografia,concluido
289,28,2026-05-13 17:29:00,2026-05-13 19:29:00,358,234,Manutencao corretiva - tc,concluido
290,28,2026-06-02 14:33:00,2026-06-02 19:33:00,359,,Visita corretiva agendada - tc,agendado
291,25,2026-04-05 20:00:00,2026-04-06 00:00:00,361,235,Manutencao preventiva - ressonancia magnetica,concluido
292,15,2026-05-27 00:13:00,2026-06-06 16:00:00,363,236,Atendimento corretivo em andamento - ressonancia magnetica,em atendimento
293,7,2026-05-17 15:00:00,2026-05-17 21:00:00,364,237,Manutencao preventiva - arco cirurgico,concluido
294,4,2026-01-29 01:15:00,2026-01-29 03:15:00,366,238,Manutencao corretiva - raio x,concluido
295,46,2026-03-03 20:00:00,2026-03-04 00:00:00,367,239,Manutencao preventiva - tc,concluido
296,45,2026-03-26 08:00:00,2026-03-26 11:00:00,368,240,Manutencao preventiva - ultrassom,concluido
297,55,2026-03-26 07:00:00,2026-03-26 13:00:00,369,241,Manutencao preventiva - pet,concluido
298,44,2026-05-23 18:00:00,2026-05-24 00:00:00,370,242,Manutencao preventiva - ultrassom,concluido
299,47,2026-03-02 17:00:00,2026-03-02 20:00:00,373,243,Manutencao preventiva - tc,concluido
300,45,2026-03-09 09:00:00,2026-03-09 13:00:00,374,244,Manutencao preventiva - ressonancia magnetica,concluido
301,20,2026-05-14 21:00:00,2026-05-15 00:00:00,375,245,Manutencao corretiva - arco cirurgico,concluido
302,51,2026-04-07 08:18:00,2026-04-07 11:18:00,376,246,Manutencao corretiva - tc,concluido
303,32,2026-05-20 16:40:00,2026-05-21 01:40:00,377,247,Manutencao corretiva - arco cirurgico,concluido
304,55,2026-06-02 04:57:00,2026-06-06 16:00:00,378,248,Atendimento corretivo em andamento - raio x,em atendimento
305,11,2026-05-26 11:14:00,2026-05-26 13:14:00,380,,Visita corretiva agendada - raio x,agendado
306,12,2026-06-03 04:16:00,2026-06-03 09:16:00,381,,Visita corretiva agendada - angiografia,agendado
307,26,2026-05-27 05:51:00,2026-06-06 16:00:00,382,249,Atendimento corretivo em andamento - arco cirurgico,em atendimento
308,30,2026-03-24 14:00:00,2026-03-24 19:00:00,383,250,Manutencao preventiva - raio x,concluido
309,58,2026-05-07 04:00:00,2026-05-07 10:00:00,384,251,Manutencao preventiva - arco cirurgico,concluido
310,29,2026-01-31 15:00:00,2026-01-31 19:00:00,387,252,Manutencao preventiva - arco cirurgico,concluido
311,26,2025-12-31 12:55:00,2025-12-31 14:55:00,388,253,Manutencao corretiva - arco cirurgico,concluido
312,19,2026-05-28 13:41:00,2026-05-28 15:41:00,389,,Visita corretiva agendada - angiografia,agendado
313,23,2026-03-09 16:00:00,2026-03-09 22:00:00,390,254,Manutencao preventiva - pet,concluido
314,5,2026-01-14 13:10:00,2026-01-14 15:10:00,391,255,Manutencao corretiva - arco cirurgico,concluido
315,13,2026-05-30 18:33:00,2026-05-30 23:33:00,392,,Visita corretiva agendada - tc,agendado
316,42,2026-06-04 14:49:00,2026-06-04 18:49:00,393,,Visita corretiva agendada - arco cirurgico,agendado
317,18,2026-02-12 05:00:00,2026-02-12 08:00:00,394,256,Manutencao preventiva - pet,concluido
318,15,2026-02-15 06:00:00,2026-02-15 08:00:00,396,257,Manutencao preventiva - ressonancia magnetica,concluido
319,27,2026-01-21 23:52:00,2026-01-22 02:52:00,397,258,Manutencao corretiva - ressonancia magnetica,concluido
320,6,2026-04-23 01:00:00,2026-04-23 04:00:00,398,259,Manutencao preventiva - tc,concluido
321,39,2025-12-22 21:00:00,2025-12-23 02:00:00,399,260,Manutencao preventiva - ultrassom,concluido
322,27,2026-06-04 07:50:00,2026-06-04 12:50:00,400,,Visita corretiva agendada - pet,agendado
323,34,2026-02-09 12:00:00,2026-02-09 17:00:00,401,261,Manutencao preventiva - angiografia,concluido
324,23,2026-05-28 14:10:00,2026-06-06 16:00:00,402,262,Atendimento corretivo em andamento - ultrassom,em atendimento
325,47,2026-05-16 16:16:00,2026-05-16 22:16:00,403,263,Manutencao corretiva - pet,concluido
326,14,2026-01-22 06:49:00,2026-01-22 14:49:00,404,264,Manutencao corretiva - pet,concluido
327,1,2026-04-29 04:00:00,2026-04-29 09:00:00,405,265,Manutencao preventiva - ressonancia magnetica,concluido
328,9,2026-02-28 06:10:00,2026-02-28 13:10:00,408,266,Manutencao corretiva - pet,concluido
329,11,2026-06-02 18:14:00,2026-06-02 20:14:00,410,,Visita corretiva agendada - ultrassom,agendado
330,23,2026-05-27 01:17:00,2026-06-06 16:00:00,411,267,Atendimento corretivo em andamento - pet,em atendimento
331,27,2026-05-05 16:00:00,2026-05-05 20:00:00,413,268,Manutencao preventiva - ressonancia magnetica,concluido
332,44,2026-02-08 18:33:00,2026-02-08 20:33:00,414,269,Manutencao corretiva - ultrassom,concluido
333,17,2026-05-06 20:46:00,2026-05-07 05:46:00,415,270,Manutencao corretiva - pet,concluido
334,19,2026-05-29 14:40:00,2026-05-29 17:40:00,416,,Visita corretiva agendada - angiografia,agendado
335,20,2026-02-02 08:00:00,2026-02-02 14:00:00,417,271,Manutencao preventiva - ressonancia magnetica,concluido
336,38,2025-12-24 12:00:00,2025-12-24 17:00:00,418,272,Manutencao preventiva - angiografia,concluido
337,29,2026-05-12 16:00:00,2026-05-12 21:00:00,420,273,Manutencao preventiva - arco cirurgico,concluido
338,9,2026-05-28 23:20:00,2026-06-06 16:00:00,422,274,Atendimento corretivo em andamento - tc,em atendimento
339,18,2026-01-04 22:22:00,2026-01-05 03:22:00,423,275,Manutencao corretiva - ressonancia magnetica,concluido
340,21,2026-03-10 00:00:00,2026-03-10 05:00:00,424,276,Manutencao preventiva - ultrassom,concluido
341,7,2026-04-15 16:23:00,2026-04-15 19:23:00,425,277,Manutencao corretiva - tc,concluido
342,42,2026-03-09 16:00:00,2026-03-09 21:00:00,426,278,Manutencao preventiva - tc,concluido
343,40,2026-03-16 00:26:00,2026-03-16 09:26:00,427,279,Manutencao corretiva - pet,concluido
344,42,2026-05-03 06:08:00,2026-05-03 08:08:00,428,280,Manutencao corretiva - tc,concluido
345,21,2026-03-27 17:00:00,2026-03-27 22:00:00,429,281,Manutencao preventiva - ultrassom,concluido
346,57,2026-03-29 18:38:00,2026-03-29 21:38:00,431,282,Manutencao corretiva - arco cirurgico,concluido
347,35,2026-01-28 19:50:00,2026-01-29 01:50:00,433,283,Manutencao corretiva - raio x,concluido
348,57,2025-12-28 08:00:00,2025-12-28 14:00:00,435,284,Manutencao preventiva - ultrassom,concluido
349,16,2026-05-29 08:43:00,2026-05-29 13:43:00,436,,Visita corretiva agendada - arco cirurgico,agendado
350,18,2026-05-29 08:34:00,2026-05-29 10:34:00,437,,Visita corretiva agendada - arco cirurgico,agendado
351,25,2026-01-26 07:24:00,2026-01-26 16:24:00,439,285,Manutencao corretiva - ressonancia magnetica,concluido
352,46,2026-03-13 12:00:00,2026-03-13 16:00:00,440,286,Manutencao preventiva - pet,concluido
353,51,2026-05-29 15:27:00,2026-06-06 16:00:00,441,287,Atendimento corretivo em andamento - tc,em atendimento
354,39,2026-05-27 08:09:00,2026-06-06 16:00:00,442,288,Atendimento corretivo em andamento - tc,em atendimento
355,40,2026-04-23 05:25:00,2026-04-23 09:25:00,444,289,Manutencao corretiva - pet,concluido
356,56,2026-05-13 06:31:00,2026-05-13 08:31:00,446,290,Manutencao corretiva - pet,concluido
357,17,2025-12-31 19:40:00,2026-01-01 03:40:00,447,291,Manutencao corretiva - ressonancia magnetica,concluido
358,20,2026-04-21 10:00:00,2026-04-21 12:00:00,449,292,Manutencao preventiva - arco cirurgico,concluido
359,6,2026-05-30 23:13:00,2026-05-31 02:13:00,450,,Visita corretiva agendada - pet,agendado
360,18,2026-05-31 00:44:00,2026-05-31 03:44:00,452,,Visita corretiva agendada - ressonancia magnetica,agendado
361,49,2026-06-02 16:08:00,2026-06-02 20:08:00,453,,Visita corretiva agendada - tc,agendado
362,59,2026-05-25 03:00:00,2026-05-25 08:00:00,454,293,Manutencao preventiva - angiografia,concluido
363,37,2026-05-27 10:34:00,2026-06-06 16:00:00,455,294,Atendimento corretivo em andamento - tc,em atendimento
364,60,2026-05-29 00:31:00,2026-06-06 16:00:00,456,295,Atendimento corretivo em andamento - raio x,em atendimento
365,24,2026-03-03 00:49:00,2026-03-03 09:49:00,457,296,Manutencao corretiva - raio x,concluido
366,33,2026-05-19 13:14:00,2026-05-19 20:14:00,458,297,Manutencao corretiva - raio x,concluido
367,15,2026-01-27 19:00:00,2026-01-28 01:00:00,460,298,Manutencao preventiva - tc,concluido
368,36,2026-05-27 23:33:00,2026-05-28 02:33:00,461,,Visita corretiva agendada - ressonancia magnetica,agendado
369,24,2026-01-07 17:00:00,2026-01-07 20:00:00,462,299,Manutencao preventiva - raio x,concluido
370,50,2026-05-28 11:42:00,2026-06-06 16:00:00,463,300,Atendimento corretivo em andamento - tc,em atendimento
371,42,2026-01-18 10:19:00,2026-01-18 17:19:00,464,301,Manutencao corretiva - arco cirurgico,concluido
372,18,2026-01-10 15:13:00,2026-01-10 21:13:00,465,302,Manutencao corretiva - pet,concluido
373,34,2026-05-29 03:33:00,2026-05-29 08:33:00,466,,Visita corretiva agendada - angiografia,agendado
374,14,2026-05-25 11:31:00,2026-05-25 14:31:00,468,,Visita corretiva agendada - pet,agendado
375,58,2026-04-11 09:53:00,2026-04-11 15:53:00,469,303,Manutencao corretiva - tc,concluido
376,39,2026-02-12 08:00:00,2026-02-12 10:00:00,471,304,Manutencao preventiva - pet,concluido
377,38,2026-02-13 14:59:00,2026-02-13 22:59:00,473,305,Manutencao corretiva - ressonancia magnetica,concluido
378,7,2026-05-24 04:00:00,2026-05-24 06:00:00,474,306,Manutencao preventiva - raio x,concluido
379,58,2026-05-26 21:48:00,2026-05-26 23:48:00,475,,Visita corretiva agendada - pet,agendado
380,38,2026-06-02 20:27:00,2026-06-03 00:27:00,476,,Visita corretiva agendada - ressonancia magnetica,agendado
381,18,2026-05-28 15:22:00,2026-05-28 19:22:00,477,,Visita corretiva agendada - pet,agendado
382,8,2026-01-30 09:37:00,2026-01-30 13:37:00,478,307,Manutencao corretiva - arco cirurgico,concluido
383,35,2026-05-25 08:46:00,2026-06-06 16:00:00,481,308,Atendimento corretivo em andamento - tc,em atendimento
384,20,2026-06-04 12:33:00,2026-06-04 17:33:00,482,,Visita corretiva agendada - arco cirurgico,agendado
385,7,2026-01-07 20:53:00,2026-01-08 02:53:00,484,309,Manutencao corretiva - raio x,concluido
386,53,2026-05-29 23:57:00,2026-05-30 03:57:00,485,,Visita corretiva agendada - ressonancia magnetica,agendado
387,36,2026-02-26 20:00:00,2026-02-26 22:00:00,486,310,Manutencao corretiva - ressonancia magnetica,concluido
388,4,2026-05-03 12:00:00,2026-05-03 17:00:00,487,311,Manutencao preventiva - angiografia,concluido
389,54,2026-05-28 08:02:00,2026-06-06 16:00:00,490,312,Atendimento corretivo em andamento - raio x,em atendimento
390,13,2026-02-05 22:00:00,2026-02-06 01:00:00,492,313,Manutencao preventiva - raio x,concluido
391,46,2026-05-27 10:14:00,2026-05-27 14:14:00,494,,Visita corretiva agendada - tc,agendado
392,53,2026-02-02 08:00:00,2026-02-02 10:00:00,495,314,Manutencao preventiva - angiografia,concluido
393,4,2026-02-14 22:00:00,2026-02-15 04:00:00,496,315,Manutencao preventiva - raio x,concluido
394,51,2026-03-23 02:00:00,2026-03-23 04:00:00,497,316,Manutencao preventiva - angiografia,concluido
395,25,2026-03-07 00:09:00,2026-03-07 06:09:00,498,317,Manutencao corretiva - tc,concluido
396,47,2026-03-11 14:00:00,2026-03-11 18:00:00,499,318,Manutencao preventiva - tc,concluido
397,25,2026-06-04 11:14:00,2026-06-04 15:14:00,500,,Visita corretiva agendada - ultrassom,agendado
398,18,2026-05-06 10:50:00,2026-05-06 14:50:00,501,319,Manutencao corretiva - pet,concluido
399,20,2026-04-11 18:22:00,2026-04-11 21:22:00,503,320,Manutencao corretiva - raio x,concluido
400,54,2026-03-09 04:39:00,2026-03-09 06:39:00,505,321,Manutencao corretiva - pet,concluido
401,35,2026-01-03 04:00:00,2026-01-03 08:00:00,507,322,Manutencao preventiva - angiografia,concluido
402,38,2026-05-30 23:49:00,2026-06-06 16:00:00,508,323,Atendimento corretivo em andamento - angiografia,em atendimento
403,7,2026-05-25 09:00:00,2026-05-25 14:00:00,509,,Visita corretiva agendada - tc,agendado
404,52,2026-03-22 22:17:00,2026-03-23 02:17:00,510,324,Manutencao corretiva - ressonancia magnetica,concluido
405,15,2026-03-12 17:29:00,2026-03-12 19:29:00,511,325,Manutencao corretiva - pet,concluido
406,32,2026-04-27 04:00:00,2026-04-27 10:00:00,512,326,Manutencao preventiva - arco cirurgico,concluido
407,44,2026-01-30 20:00:00,2026-01-31 02:00:00,514,327,Manutencao preventiva - ultrassom,concluido
408,24,2026-04-07 18:36:00,2026-04-07 21:36:00,515,328,Manutencao corretiva - ressonancia magnetica,concluido
409,38,2026-02-25 12:00:00,2026-02-25 16:00:00,516,329,Manutencao preventiva - angiografia,concluido
410,3,2026-05-08 20:10:00,2026-05-09 02:10:00,517,330,Manutencao corretiva - raio x,concluido
411,51,2026-05-20 11:00:00,2026-05-20 15:00:00,518,331,Manutencao preventiva - pet,concluido
412,6,2026-05-26 20:35:00,2026-05-27 01:35:00,519,,Visita corretiva agendada - tc,agendado
413,32,2026-04-15 17:00:00,2026-04-15 20:00:00,521,332,Manutencao preventiva - raio x,concluido
414,11,2026-02-26 21:00:00,2026-02-27 02:00:00,522,333,Manutencao preventiva - ultrassom,concluido
415,21,2026-04-30 12:59:00,2026-04-30 18:59:00,524,334,Manutencao corretiva - pet,concluido
416,33,2026-01-16 11:49:00,2026-01-16 18:49:00,525,335,Manutencao corretiva - arco cirurgico,concluido
417,24,2026-02-22 12:00:00,2026-02-22 16:00:00,526,336,Manutencao preventiva - ultrassom,concluido
418,25,2026-02-09 21:00:00,2026-02-10 01:00:00,527,337,Manutencao preventiva - ultrassom,concluido
419,18,2026-01-14 13:43:00,2026-01-14 16:43:00,528,338,Manutencao corretiva - pet,concluido
420,7,2026-04-06 02:32:00,2026-04-06 04:32:00,530,339,Manutencao corretiva - arco cirurgico,concluido
421,44,2026-05-30 21:58:00,2026-05-31 02:58:00,531,,Visita corretiva agendada - ultrassom,agendado
422,44,2026-05-31 18:56:00,2026-05-31 23:56:00,532,,Visita corretiva agendada - ultrassom,agendado
423,8,2026-06-01 16:29:00,2026-06-01 20:29:00,533,,Visita corretiva agendada - arco cirurgico,agendado
424,20,2026-04-11 03:52:00,2026-04-11 06:52:00,534,340,Manutencao corretiva - ressonancia magnetica,concluido
425,27,2026-02-02 12:00:00,2026-02-02 17:00:00,535,341,Manutencao preventiva - arco cirurgico,concluido
426,42,2026-03-04 10:00:00,2026-03-04 13:00:00,536,342,Manutencao preventiva - tc,concluido
427,12,2026-06-02 16:48:00,2026-06-06 16:00:00,537,343,Atendimento corretivo em andamento - angiografia,em atendimento
428,45,2026-05-31 21:45:00,2026-05-31 23:45:00,538,,Visita corretiva agendada - ultrassom,agendado
429,29,2026-01-16 17:00:00,2026-01-16 20:00:00,539,344,Manutencao preventiva - angiografia,concluido
430,20,2026-05-30 21:01:00,2026-06-06 16:00:00,540,345,Atendimento corretivo em andamento - pet,em atendimento
431,5,2026-06-01 20:32:00,2026-06-01 22:32:00,541,,Visita corretiva agendada - arco cirurgico,agendado
432,23,2026-04-17 08:35:00,2026-04-17 11:35:00,544,346,Manutencao corretiva - ultrassom,concluido
433,48,2026-02-07 04:00:00,2026-02-07 09:00:00,545,347,Manutencao preventiva - pet,concluido
434,3,2026-02-12 12:00:00,2026-02-12 15:00:00,546,348,Manutencao preventiva - raio x,concluido
435,27,2026-01-22 22:59:00,2026-01-23 05:59:00,547,349,Manutencao corretiva - arco cirurgico,concluido
436,5,2026-04-13 16:15:00,2026-04-13 19:15:00,548,350,Manutencao corretiva - arco cirurgico,concluido
437,36,2026-01-10 09:13:00,2026-01-10 18:13:00,550,351,Manutencao corretiva - ressonancia magnetica,concluido
438,1,2026-01-22 19:00:00,2026-01-22 22:00:00,551,352,Manutencao preventiva - ressonancia magnetica,concluido
439,57,2026-06-02 15:58:00,2026-06-06 16:00:00,552,353,Atendimento corretivo em andamento - arco cirurgico,em atendimento
440,57,2026-03-27 20:57:00,2026-03-28 00:57:00,553,354,Manutencao corretiva - ultrassom,concluido
441,1,2026-03-05 15:08:00,2026-03-05 22:08:00,554,355,Manutencao corretiva - ressonancia magnetica,concluido
442,20,2026-02-24 18:33:00,2026-02-25 02:33:00,555,356,Manutencao corretiva - ressonancia magnetica,concluido
443,56,2026-02-02 04:42:00,2026-02-02 06:42:00,556,357,Manutencao corretiva - pet,concluido
444,48,2025-12-30 22:00:00,2025-12-31 00:00:00,557,358,Manutencao preventiva - pet,concluido
445,13,2026-03-01 22:23:00,2026-03-02 06:23:00,559,359,Manutencao corretiva - tc,concluido
446,7,2026-01-25 14:00:00,2026-01-25 20:00:00,560,360,Manutencao preventiva - tc,concluido
447,19,2026-01-08 19:00:00,2026-01-08 23:00:00,561,361,Manutencao preventiva - angiografia,concluido
448,14,2026-05-29 17:55:00,2026-05-29 22:55:00,563,,Visita corretiva agendada - pet,agendado
449,38,2026-05-09 01:00:00,2026-05-09 04:00:00,564,362,Manutencao preventiva - angiografia,concluido
450,53,2026-06-04 07:38:00,2026-06-04 10:38:00,565,,Visita corretiva agendada - ultrassom,agendado
451,21,2026-01-30 08:50:00,2026-01-30 16:50:00,566,363,Manutencao corretiva - pet,concluido
452,57,2025-12-29 16:00:00,2025-12-29 22:00:00,567,364,Manutencao preventiva - arco cirurgico,concluido
453,12,2026-06-05 07:57:00,2026-06-05 10:57:00,568,,Visita corretiva agendada - pet,agendado
454,19,2026-03-18 04:55:00,2026-03-18 09:55:00,569,365,Manutencao corretiva - arco cirurgico,concluido
455,31,2026-04-30 14:00:00,2026-04-30 16:00:00,570,366,Manutencao preventiva - ultrassom,concluido
456,35,2026-03-17 21:37:00,2026-03-18 04:37:00,572,367,Manutencao corretiva - raio x,concluido
457,55,2026-03-10 08:00:00,2026-03-10 12:00:00,573,368,Manutencao preventiva - raio x,concluido
458,46,2026-05-27 13:43:00,2026-06-06 16:00:00,574,369,Atendimento corretivo em andamento - pet,em atendimento
459,20,2026-03-03 05:00:00,2026-03-03 07:00:00,575,370,Manutencao preventiva - arco cirurgico,concluido
460,53,2026-04-20 23:14:00,2026-04-21 04:14:00,576,371,Manutencao corretiva - ressonancia magnetica,concluido
461,57,2026-03-01 23:00:00,2026-03-02 02:00:00,579,372,Manutencao preventiva - tc,concluido
462,2,2026-01-11 19:00:00,2026-01-11 22:00:00,580,373,Manutencao preventiva - raio x,concluido
463,40,2026-05-27 07:18:00,2026-05-27 12:18:00,581,,Visita corretiva agendada - raio x,agendado
464,52,2026-06-01 02:24:00,2026-06-06 16:00:00,582,374,Atendimento corretivo em andamento - ressonancia magnetica,em atendimento
465,53,2026-05-28 05:45:00,2026-05-28 07:45:00,583,,Visita corretiva agendada - angiografia,agendado
466,19,2026-05-18 23:00:00,2026-05-19 01:00:00,584,375,Manutencao preventiva - arco cirurgico,concluido
467,47,2026-04-05 03:51:00,2026-04-05 11:51:00,585,376,Manutencao corretiva - tc,concluido
468,1,2026-05-08 01:15:00,2026-05-08 04:15:00,586,377,Manutencao corretiva - pet,concluido
469,52,2026-02-09 02:00:00,2026-02-09 07:00:00,587,378,Manutencao preventiva - ressonancia magnetica,concluido
470,7,2026-06-03 11:12:00,2026-06-03 14:12:00,588,,Visita corretiva agendada - tc,agendado
471,38,2026-05-05 18:47:00,2026-05-05 21:47:00,589,379,Manutencao corretiva - angiografia,concluido
472,60,2026-05-27 02:51:00,2026-05-27 05:51:00,591,,Visita corretiva agendada - ultrassom,agendado
473,51,2026-03-07 09:51:00,2026-03-07 11:51:00,593,380,Manutencao corretiva - ressonancia magnetica,concluido
474,43,2026-02-05 10:00:00,2026-02-05 13:00:00,594,381,Manutencao preventiva - ressonancia magnetica,concluido
475,58,2026-01-12 16:00:00,2026-01-12 22:00:00,595,382,Manutencao preventiva - tc,concluido
476,27,2026-02-19 09:02:00,2026-02-19 18:02:00,596,383,Manutencao corretiva - ressonancia magnetica,concluido
477,42,2025-12-31 02:30:00,2025-12-31 06:30:00,597,384,Manutencao corretiva - tc,concluido
478,6,2026-04-12 04:00:00,2026-04-12 06:00:00,598,385,Manutencao preventiva - raio x,concluido
479,10,2026-05-10 17:18:00,2026-05-11 01:18:00,599,386,Manutencao corretiva - ultrassom,concluido
480,26,2026-03-28 12:00:00,2026-03-28 18:00:00,600,387,Manutencao preventiva - arco cirurgico,concluido
481,58,2026-05-30 10:41:00,2026-05-30 14:41:00,601,,Visita corretiva agendada - arco cirurgico,agendado
482,42,2026-01-04 04:24:00,2026-01-04 08:24:00,602,388,Manutencao corretiva - tc,concluido
483,24,2026-05-21 08:00:00,2026-05-21 10:00:00,603,389,Manutencao preventiva - ultrassom,concluido
484,51,2026-03-16 08:01:00,2026-03-16 14:01:00,604,390,Manutencao corretiva - tc,concluido
485,18,2026-02-09 07:54:00,2026-02-09 09:54:00,606,391,Manutencao corretiva - pet,concluido
486,19,2026-05-28 11:58:00,2026-06-06 16:00:00,607,392,Atendimento corretivo em andamento - arco cirurgico,em atendimento
487,24,2026-03-05 01:12:00,2026-03-05 10:12:00,609,393,Manutencao corretiva - ressonancia magnetica,concluido
488,2,2026-06-02 09:33:00,2026-06-06 16:00:00,610,394,Atendimento corretivo em andamento - angiografia,em atendimento
489,27,2026-02-14 09:00:00,2026-02-14 15:00:00,612,395,Manutencao preventiva - ressonancia magnetica,concluido
490,42,2026-05-29 07:41:00,2026-05-29 09:41:00,613,,Visita corretiva agendada - pet,agendado
491,18,2026-04-15 09:20:00,2026-04-15 15:20:00,615,396,Manutencao corretiva - raio x,concluido
492,52,2026-02-25 16:33:00,2026-02-25 23:33:00,617,397,Manutencao corretiva - angiografia,concluido
493,58,2026-04-15 01:00:00,2026-04-15 05:00:00,618,398,Manutencao preventiva - pet,concluido
494,33,2026-04-22 08:00:00,2026-04-22 11:00:00,619,399,Manutencao preventiva - arco cirurgico,concluido
495,20,2026-06-03 15:21:00,2026-06-03 17:21:00,620,,Visita corretiva agendada - pet,agendado
496,19,2026-05-08 11:00:00,2026-05-08 16:00:00,621,400,Manutencao preventiva - arco cirurgico,concluido
497,26,2026-04-04 00:00:00,2026-04-04 04:00:00,622,401,Manutencao preventiva - angiografia,concluido
498,59,2026-02-08 23:06:00,2026-02-09 08:06:00,623,402,Manutencao corretiva - ultrassom,concluido
499,56,2025-12-27 15:00:00,2025-12-27 21:00:00,624,403,Manutencao preventiva - raio x,concluido
500,39,2026-06-04 00:17:00,2026-06-06 16:00:00,625,404,Atendimento corretivo em andamento - pet,em atendimento
501,11,2026-01-18 02:50:00,2026-01-18 11:50:00,626,405,Manutencao corretiva - ultrassom,concluido
502,29,2026-06-04 02:24:00,2026-06-06 16:00:00,628,406,Atendimento corretivo em andamento - angiografia,em atendimento
503,35,2026-05-01 08:00:00,2026-05-01 12:00:00,629,407,Manutencao preventiva - tc,concluido
504,27,2026-06-03 21:00:00,2026-06-04 00:00:00,630,,Visita corretiva agendada - pet,agendado
505,34,2026-01-31 16:00:00,2026-01-31 19:00:00,631,408,Manutencao preventiva - ultrassom,concluido
506,50,2026-05-16 13:16:00,2026-05-16 16:16:00,632,409,Manutencao corretiva - ultrassom,concluido
507,58,2026-05-29 06:45:00,2026-05-29 10:45:00,633,,Visita corretiva agendada - arco cirurgico,agendado
508,19,2026-01-27 16:39:00,2026-01-28 01:39:00,634,410,Manutencao corretiva - angiografia,concluido
509,21,2026-05-27 19:13:00,2026-06-06 16:00:00,635,411,Atendimento corretivo em andamento - ultrassom,em atendimento
510,18,2026-05-19 05:00:00,2026-05-19 10:00:00,636,412,Manutencao preventiva - ressonancia magnetica,concluido
511,50,2026-04-17 01:47:00,2026-04-17 07:47:00,637,413,Manutencao corretiva - tc,concluido
512,53,2026-04-15 19:00:00,2026-04-16 00:00:00,638,414,Manutencao preventiva - ultrassom,concluido
513,3,2026-05-25 15:46:00,2026-06-06 16:00:00,639,415,Atendimento corretivo em andamento - tc,em atendimento
514,20,2026-02-24 01:00:00,2026-02-24 05:00:00,640,416,Manutencao preventiva - arco cirurgico,concluido
515,39,2026-04-15 17:18:00,2026-04-15 22:18:00,641,417,Manutencao corretiva - pet,concluido
516,20,2026-05-31 23:06:00,2026-06-01 04:06:00,643,,Visita corretiva agendada - pet,agendado
517,59,2026-06-01 01:48:00,2026-06-06 16:00:00,644,418,Atendimento corretivo em andamento - angiografia,em atendimento
518,29,2026-05-27 18:21:00,2026-06-06 16:00:00,645,419,Atendimento corretivo em andamento - arco cirurgico,em atendimento
519,21,2026-02-22 12:14:00,2026-02-22 19:14:00,647,420,Manutencao corretiva - pet,concluido
520,26,2026-01-27 20:17:00,2026-01-28 00:17:00,648,421,Manutencao corretiva - arco cirurgico,concluido
521,40,2026-04-16 23:57:00,2026-04-17 04:57:00,649,422,Manutencao corretiva - raio x,concluido
522,7,2026-04-05 15:00:00,2026-04-05 19:00:00,650,423,Manutencao preventiva - raio x,concluido
523,4,2026-05-30 08:10:00,2026-06-06 16:00:00,652,424,Atendimento corretivo em andamento - angiografia,em atendimento
524,47,2026-02-19 05:59:00,2026-02-19 07:59:00,653,425,Manutencao corretiva - tc,concluido
525,35,2026-02-02 18:45:00,2026-02-02 21:45:00,654,426,Manutencao corretiva - ressonancia magnetica,concluido
526,35,2026-01-04 15:02:00,2026-01-04 18:02:00,657,427,Manutencao corretiva - angiografia,concluido
527,26,2026-02-22 21:00:00,2026-02-22 23:00:00,658,428,Manutencao preventiva - tc,concluido
528,41,2026-05-05 11:23:00,2026-05-05 16:23:00,659,429,Manutencao corretiva - raio x,concluido
529,15,2026-01-01 10:36:00,2026-01-01 14:36:00,660,430,Manutencao corretiva - ressonancia magnetica,concluido
530,3,2026-06-16 16:00:00,2026-06-16 19:00:00,661,,Manutencao preventiva agendada - tc,agendado
531,50,2026-03-18 04:00:00,2026-03-18 06:00:00,662,431,Manutencao preventiva - ressonancia magnetica,concluido
532,13,2026-04-17 11:16:00,2026-04-17 16:16:00,663,432,Manutencao corretiva - tc,concluido
533,6,2026-03-14 05:13:00,2026-03-14 14:13:00,664,433,Manutencao corretiva - tc,concluido
534,6,2026-05-18 02:34:00,2026-05-18 05:34:00,665,434,Manutencao corretiva - angiografia,concluido
535,32,2026-01-08 05:41:00,2026-01-08 14:41:00,666,435,Manutencao corretiva - raio x,concluido
536,29,2026-03-18 02:26:00,2026-03-18 10:26:00,667,436,Manutencao corretiva - arco cirurgico,concluido
537,5,2026-01-22 21:00:00,2026-01-23 00:00:00,669,437,Manutencao preventiva - angiografia,concluido
538,15,2026-03-16 23:14:00,2026-03-17 03:14:00,670,438,Manutencao corretiva - tc,concluido
539,30,2026-07-02 16:00:00,2026-07-02 19:00:00,671,,Manutencao preventiva agendada - tc,agendado
540,27,2026-07-03 16:00:00,2026-07-03 18:00:00,673,,Manutencao preventiva agendada - arco cirurgico,agendado
541,32,2026-04-16 12:00:00,2026-04-16 15:00:00,674,439,Manutencao preventiva - pet,concluido
542,29,2026-01-12 03:00:00,2026-01-12 07:00:00,675,440,Manutencao preventiva - arco cirurgico,concluido
543,55,2026-06-09 16:00:00,2026-06-09 18:00:00,676,,Manutencao preventiva agendada - pet,agendado
544,9,2026-07-04 16:00:00,2026-07-04 18:00:00,677,,Manutencao preventiva agendada - pet,agendado
545,28,2025-12-30 19:41:00,2025-12-31 04:41:00,678,441,Manutencao corretiva - ressonancia magnetica,concluido
546,4,2026-02-16 17:33:00,2026-02-16 22:33:00,679,442,Manutencao corretiva - angiografia,concluido
547,59,2026-05-08 02:13:00,2026-05-08 06:13:00,680,443,Manutencao corretiva - ultrassom,concluido
548,56,2026-04-22 19:38:00,2026-04-23 01:38:00,681,444,Manutencao corretiva - raio x,concluido
549,45,2026-01-25 07:19:00,2026-01-25 09:19:00,682,445,Manutencao corretiva - arco cirurgico,concluido
550,30,2026-02-19 10:12:00,2026-02-19 12:12:00,683,446,Manutencao corretiva - raio x,concluido
551,10,2026-04-14 01:01:00,2026-04-14 06:01:00,684,447,Manutencao corretiva - arco cirurgico,concluido
552,8,2026-05-31 16:00:00,2026-06-06 16:00:00,685,448,Manutencao preventiva em andamento - arco cirurgico,em atendimento
553,43,2026-01-11 17:00:00,2026-01-11 20:00:00,687,449,Manutencao preventiva - angiografia,concluido
554,54,2026-05-29 15:00:00,2026-06-06 16:00:00,688,450,Manutencao preventiva em andamento - angiografia,em atendimento
555,20,2026-04-30 00:00:00,2026-04-30 04:00:00,689,451,Manutencao preventiva - pet,concluido
556,18,2026-06-28 16:00:00,2026-06-28 18:00:00,690,,Manutencao preventiva agendada - arco cirurgico,agendado
557,45,2026-01-14 10:00:00,2026-01-14 12:00:00,691,452,Manutencao preventiva - ultrassom,concluido
558,31,2026-02-04 13:00:00,2026-02-04 18:00:00,692,453,Manutencao preventiva - ultrassom,concluido
559,38,2026-05-27 17:00:00,2026-06-06 16:00:00,693,454,Manutencao preventiva em andamento - angiografia,em atendimento
560,58,2026-02-13 00:36:00,2026-02-13 04:36:00,694,455,Manutencao corretiva - pet,concluido
561,42,2026-02-26 06:32:00,2026-02-26 13:32:00,695,456,Manutencao corretiva - pet,concluido
562,28,2026-05-26 11:00:00,2026-06-06 16:00:00,696,457,Manutencao preventiva em andamento - ressonancia magnetica,em atendimento
563,27,2025-12-28 19:00:00,2025-12-28 23:00:00,697,458,Manutencao preventiva - ressonancia magnetica,concluido
564,30,2026-01-17 03:32:00,2026-01-17 08:32:00,698,459,Manutencao corretiva - ultrassom,concluido
565,28,2026-04-23 04:00:00,2026-04-23 07:00:00,699,460,Manutencao preventiva - tc,concluido
566,23,2026-04-25 12:01:00,2026-04-25 20:01:00,700,461,Manutencao corretiva - pet,concluido
567,37,2026-06-02 06:00:00,2026-06-06 16:00:00,701,462,Manutencao preventiva em andamento - ultrassom,em atendimento
568,58,2026-04-07 00:00:00,2026-04-07 03:00:00,702,463,Manutencao preventiva - arco cirurgico,concluido
569,44,2026-03-07 23:35:00,2026-03-08 01:35:00,703,464,Manutencao corretiva - ressonancia magnetica,concluido
570,27,2026-04-17 19:31:00,2026-04-18 00:31:00,704,465,Manutencao corretiva - pet,concluido
571,19,2026-04-21 21:32:00,2026-04-22 00:32:00,706,466,Manutencao corretiva - pet,concluido
572,32,2026-05-11 18:40:00,2026-05-11 23:40:00,708,467,Manutencao corretiva - angiografia,concluido
573,23,2026-01-20 00:03:00,2026-01-20 06:03:00,709,468,Manutencao corretiva - ultrassom,concluido
574,16,2026-01-24 17:15:00,2026-01-24 20:15:00,710,469,Manutencao corretiva - arco cirurgico,concluido
575,40,2026-01-28 14:07:00,2026-01-28 19:07:00,711,470,Manutencao corretiva - ultrassom,concluido
576,18,2026-06-01 14:00:00,2026-06-06 16:00:00,712,471,Manutencao preventiva em andamento - raio x,em atendimento
577,15,2026-04-12 15:33:00,2026-04-12 17:33:00,713,472,Manutencao corretiva - pet,concluido
578,45,2026-05-11 15:00:00,2026-05-11 20:00:00,714,473,Manutencao preventiva - ultrassom,concluido
579,9,2026-05-15 09:18:00,2026-05-15 11:18:00,715,474,Manutencao corretiva - pet,concluido
580,53,2026-05-12 11:53:00,2026-05-12 17:53:00,716,475,Manutencao corretiva - ultrassom,concluido
581,50,2026-03-03 05:00:00,2026-03-03 11:00:00,717,476,Manutencao preventiva - ultrassom,concluido
582,6,2026-01-26 21:02:00,2026-01-27 03:02:00,718,477,Manutencao corretiva - tc,concluido
583,19,2026-04-23 12:00:00,2026-04-23 16:00:00,719,478,Manutencao preventiva - arco cirurgico,concluido
584,41,2026-05-29 00:00:00,2026-06-06 16:00:00,720,479,Manutencao preventiva em andamento - arco cirurgico,em atendimento
585,40,2026-07-05 16:00:00,2026-07-05 19:00:00,721,,Manutencao preventiva agendada - ultrassom,agendado
586,20,2026-03-30 05:00:00,2026-03-30 09:00:00,722,480,Manutencao preventiva - pet,concluido
587,34,2026-01-20 18:06:00,2026-01-21 01:06:00,723,481,Manutencao corretiva - angiografia,concluido
588,31,2026-03-24 18:00:00,2026-03-24 21:00:00,724,482,Manutencao preventiva - tc,concluido
589,22,2026-05-30 04:00:00,2026-06-06 16:00:00,725,483,Manutencao preventiva em andamento - pet,em atendimento
590,6,2026-02-06 19:00:00,2026-02-06 22:00:00,726,484,Manutencao preventiva - pet,concluido
591,7,2026-02-14 09:20:00,2026-02-14 13:20:00,727,485,Manutencao corretiva - angiografia,concluido
592,25,2026-05-12 12:38:00,2026-05-12 21:38:00,728,486,Manutencao corretiva - ressonancia magnetica,concluido
593,22,2026-01-20 14:19:00,2026-01-20 16:19:00,729,487,Manutencao corretiva - pet,concluido
594,22,2026-01-04 14:47:00,2026-01-04 22:47:00,730,488,Manutencao corretiva - angiografia,concluido
595,20,2026-05-31 02:00:00,2026-06-06 16:00:00,731,489,Manutencao preventiva em andamento - pet,em atendimento
596,10,2026-04-04 19:00:00,2026-04-04 21:00:00,732,490,Manutencao preventiva - ultrassom,concluido
597,37,2026-02-01 08:29:00,2026-02-01 10:29:00,734,491,Manutencao corretiva - tc,concluido
598,58,2026-03-12 13:00:00,2026-03-12 15:00:00,735,492,Manutencao preventiva - tc,concluido
599,10,2026-05-23 19:00:00,2026-06-06 16:00:00,736,493,Manutencao preventiva em andamento - arco cirurgico,em atendimento
600,45,2026-05-25 22:00:00,2026-06-06 16:00:00,737,494,Manutencao preventiva em andamento - ultrassom,em atendimento
601,21,2026-04-27 12:40:00,2026-04-27 17:40:00,739,495,Manutencao corretiva - pet,concluido
602,35,2026-01-07 17:00:00,2026-01-07 19:00:00,740,496,Manutencao preventiva - angiografia,concluido
603,36,2026-01-05 17:25:00,2026-01-05 22:25:00,741,497,Manutencao corretiva - ultrassom,concluido
604,53,2026-03-10 03:58:00,2026-03-10 09:58:00,742,498,Manutencao corretiva - ultrassom,concluido
605,33,2026-06-16 16:00:00,2026-06-16 20:00:00,743,,Manutencao preventiva agendada - tc,agendado
606,40,2026-06-25 16:00:00,2026-06-25 19:00:00,744,,Manutencao preventiva agendada - raio x,agendado
607,38,2026-06-18 16:00:00,2026-06-18 20:00:00,745,,Manutencao preventiva agendada - ressonancia magnetica,agendado
608,26,2026-04-06 08:41:00,2026-04-06 14:41:00,746,499,Manutencao corretiva - tc,concluido
609,22,2026-03-05 12:25:00,2026-03-05 15:25:00,748,500,Manutencao corretiva - tc,concluido
610,36,2026-03-08 01:00:00,2026-03-08 05:00:00,749,501,Manutencao preventiva - ressonancia magnetica,concluido
611,56,2026-06-11 16:00:00,2026-06-11 18:00:00,750,,Manutencao preventiva agendada - ressonancia magnetica,agendado
612,27,2025-12-27 18:21:00,2025-12-27 20:21:00,751,502,Manutencao corretiva - pet,concluido
613,32,2026-05-13 18:49:00,2026-05-13 22:49:00,753,503,Manutencao corretiva - arco cirurgico,concluido
614,57,2026-01-09 01:00:00,2026-01-09 07:00:00,754,504,Manutencao preventiva - ultrassom,concluido
615,20,2026-01-05 17:04:00,2026-01-06 02:04:00,755,505,Manutencao corretiva - ressonancia magnetica,concluido
616,23,2026-01-20 05:31:00,2026-01-20 10:31:00,756,506,Manutencao corretiva - pet,concluido
617,49,2026-03-10 14:09:00,2026-03-10 23:09:00,757,507,Manutencao corretiva - tc,concluido
618,22,2026-03-03 04:00:00,2026-03-03 10:00:00,758,508,Manutencao preventiva - pet,concluido
619,51,2026-01-16 03:18:00,2026-01-16 11:18:00,759,509,Manutencao corretiva - angiografia,concluido
620,59,2026-03-29 07:57:00,2026-03-29 15:57:00,760,510,Manutencao corretiva - ultrassom,concluido
621,6,2026-05-14 03:18:00,2026-05-14 05:18:00,761,511,Manutencao corretiva - pet,concluido
622,48,2026-06-23 16:00:00,2026-06-23 19:00:00,762,,Manutencao preventiva agendada - ressonancia magnetica,agendado
623,18,2026-03-27 07:19:00,2026-03-27 13:19:00,765,512,Manutencao corretiva - raio x,concluido
624,48,2026-02-10 23:59:00,2026-02-11 04:59:00,766,513,Manutencao corretiva - ressonancia magnetica,concluido
625,57,2026-04-03 05:29:00,2026-04-03 12:29:00,767,514,Manutencao corretiva - ultrassom,concluido
626,53,2026-06-14 16:00:00,2026-06-14 18:00:00,768,,Manutencao preventiva agendada - ressonancia magnetica,agendado
627,42,2026-01-22 13:31:00,2026-01-22 17:31:00,769,515,Manutencao corretiva - arco cirurgico,concluido
628,9,2026-07-02 16:00:00,2026-07-02 18:00:00,770,,Manutencao preventiva agendada - angiografia,agendado
629,20,2026-06-15 16:00:00,2026-06-15 20:00:00,771,,Manutencao preventiva agendada - ressonancia magnetica,agendado
630,37,2026-01-31 04:12:00,2026-01-31 12:12:00,772,516,Manutencao corretiva - angiografia,concluido
631,45,2026-04-14 02:00:00,2026-04-14 06:00:00,773,517,Manutencao preventiva - ressonancia magnetica,concluido
632,16,2026-05-24 13:00:00,2026-06-06 16:00:00,774,518,Manutencao preventiva em andamento - tc,em atendimento
633,3,2026-04-29 01:40:00,2026-04-29 04:40:00,776,519,Manutencao corretiva - raio x,concluido
634,56,2026-05-23 15:00:00,2026-06-06 16:00:00,777,520,Manutencao preventiva em andamento - ressonancia magnetica,em atendimento
635,9,2026-05-02 10:00:00,2026-05-02 12:00:00,778,521,Manutencao preventiva - tc,concluido
636,59,2026-02-02 20:00:00,2026-02-03 02:00:00,780,522,Manutencao preventiva - raio x,concluido
637,50,2025-12-28 04:42:00,2025-12-28 08:42:00,781,523,Manutencao corretiva - ultrassom,concluido
638,19,2026-06-08 16:00:00,2026-06-08 19:00:00,782,,Manutencao preventiva agendada - arco cirurgico,agendado
639,15,2026-05-27 20:00:00,2026-06-06 16:00:00,783,524,Manutencao preventiva em andamento - tc,em atendimento
640,50,2026-03-02 12:00:00,2026-03-02 16:00:00,785,525,Manutencao preventiva - tc,concluido
641,58,2026-05-25 18:00:00,2026-05-25 20:00:00,786,526,Manutencao preventiva - pet,concluido
642,17,2026-03-15 05:13:00,2026-03-15 14:13:00,788,527,Manutencao corretiva - pet,concluido
643,21,2026-06-15 16:00:00,2026-06-15 19:00:00,789,,Manutencao preventiva agendada - pet,agendado
644,15,2026-06-29 16:00:00,2026-06-29 20:00:00,790,,Manutencao preventiva agendada - ressonancia magnetica,agendado
645,23,2026-03-25 21:00:00,2026-03-26 02:00:00,791,528,Manutencao preventiva - ultrassom,concluido
646,37,2026-07-01 16:00:00,2026-07-01 18:00:00,792,,Manutencao preventiva agendada - angiografia,agendado
647,44,2026-02-09 06:00:00,2026-02-09 12:00:00,793,529,Manutencao preventiva - ultrassom,concluido
648,26,2026-02-13 05:00:00,2026-02-13 09:00:00,795,530,Manutencao preventiva - angiografia,concluido
649,19,2026-02-06 16:56:00,2026-02-06 23:56:00,796,531,Manutencao corretiva - pet,concluido
650,30,2026-01-21 09:00:00,2026-01-21 13:00:00,797,532,Manutencao preventiva - raio x,concluido
651,20,2026-07-02 16:00:00,2026-07-02 19:00:00,798,,Manutencao preventiva agendada - arco cirurgico,agendado
652,55,2026-01-17 18:55:00,2026-01-18 00:55:00,800,533,Manutencao corretiva - pet,concluido
653,27,2026-03-13 02:47:00,2026-03-13 06:47:00,801,534,Manutencao corretiva - arco cirurgico,concluido
654,14,2026-05-23 17:00:00,2026-06-06 16:00:00,802,535,Manutencao preventiva em andamento - angiografia,em atendimento
655,23,2026-02-22 11:16:00,2026-02-22 18:16:00,803,536,Manutencao corretiva - ultrassom,concluido
656,45,2026-02-26 09:59:00,2026-02-26 18:59:00,804,537,Manutencao corretiva - ultrassom,concluido
657,4,2026-07-05 16:00:00,2026-07-05 18:00:00,808,,Manutencao preventiva agendada - raio x,agendado
658,44,2026-06-29 16:00:00,2026-06-29 18:00:00,809,,Manutencao preventiva agendada - ultrassom,agendado
659,56,2026-01-08 05:31:00,2026-01-08 08:31:00,811,538,Manutencao corretiva - raio x,concluido
660,51,2026-05-04 04:00:00,2026-05-04 06:00:00,812,539,Manutencao preventiva - angiografia,concluido
661,48,2026-06-02 02:00:00,2026-06-06 16:00:00,813,540,Manutencao preventiva em andamento - ressonancia magnetica,em atendimento
662,5,2026-07-05 16:00:00,2026-07-05 20:00:00,814,,Manutencao preventiva agendada - angiografia,agendado
663,4,2026-07-01 16:00:00,2026-07-01 19:00:00,815,,Manutencao preventiva agendada - tc,agendado
664,54,2026-04-09 23:38:00,2026-04-10 03:38:00,816,541,Manutencao corretiva - raio x,concluido
665,52,2026-01-22 16:00:00,2026-01-22 20:00:00,817,542,Manutencao preventiva - angiografia,concluido
666,56,2026-04-30 19:59:00,2026-05-01 04:59:00,819,543,Manutencao corretiva - angiografia,concluido
667,4,2026-03-26 00:42:00,2026-03-26 04:42:00,820,544,Manutencao corretiva - ultrassom,concluido
668,21,2026-06-05 22:00:00,2026-06-06 16:00:00,821,545,Manutencao preventiva em andamento - ultrassom,em atendimento
669,53,2026-05-13 14:00:00,2026-05-13 17:00:00,822,546,Manutencao preventiva - ultrassom,concluido
670,37,2026-03-21 13:52:00,2026-03-21 19:52:00,824,547,Manutencao corretiva - tc,concluido
671,58,2025-12-28 12:59:00,2025-12-28 15:59:00,825,548,Manutencao corretiva - pet,concluido
672,29,2026-05-24 05:00:00,2026-06-06 16:00:00,826,549,Manutencao preventiva em andamento - arco cirurgico,em atendimento
673,39,2026-05-06 19:00:00,2026-05-07 01:00:00,829,550,Manutencao preventiva - pet,concluido
674,55,2026-05-28 17:00:00,2026-06-06 16:00:00,832,551,Manutencao preventiva em andamento - pet,em atendimento
675,57,2026-05-27 09:00:00,2026-06-06 16:00:00,834,552,Manutencao preventiva em andamento - tc,em atendimento
676,36,2026-01-14 00:00:00,2026-01-14 03:00:00,835,553,Manutencao preventiva - ressonancia magnetica,concluido
677,27,2026-03-14 14:44:00,2026-03-14 20:44:00,836,554,Manutencao corretiva - raio x,concluido
678,36,2026-02-25 23:00:00,2026-02-26 03:00:00,840,555,Manutencao preventiva - ressonancia magnetica,concluido
679,37,2026-03-14 23:15:00,2026-03-15 05:15:00,841,556,Manutencao corretiva - angiografia,concluido
680,25,2026-02-23 06:21:00,2026-02-23 14:21:00,842,557,Manutencao corretiva - ressonancia magnetica,concluido
681,37,2026-04-21 09:00:00,2026-04-21 11:00:00,843,558,Manutencao preventiva - angiografia,concluido
682,53,2026-02-07 12:13:00,2026-02-07 20:13:00,844,559,Manutencao corretiva - raio x,concluido
683,59,2026-04-19 06:00:00,2026-04-19 09:00:00,845,560,Manutencao preventiva - raio x,concluido
684,35,2026-04-27 15:13:00,2026-04-27 22:13:00,846,561,Manutencao corretiva - ressonancia magnetica,concluido
685,9,2026-03-05 12:00:00,2026-03-05 14:00:00,847,562,Manutencao preventiva - pet,concluido
686,47,2026-06-01 13:00:00,2026-06-06 16:00:00,848,563,Manutencao preventiva em andamento - pet,em atendimento
687,57,2026-02-07 01:38:00,2026-02-07 06:38:00,850,564,Manutencao corretiva - ultrassom,concluido
688,25,2026-04-21 13:00:00,2026-04-21 19:00:00,851,565,Manutencao preventiva - ultrassom,concluido
689,47,2026-02-25 06:52:00,2026-02-25 15:52:00,852,566,Manutencao corretiva - tc,concluido
690,29,2026-06-15 16:00:00,2026-06-15 20:00:00,853,,Manutencao preventiva agendada - angiografia,agendado
691,2,2026-06-18 16:00:00,2026-06-18 18:00:00,854,,Manutencao preventiva agendada - angiografia,agendado
692,15,2026-02-02 05:26:00,2026-02-02 11:26:00,857,567,Manutencao corretiva - pet,concluido
693,23,2026-04-26 15:33:00,2026-04-26 19:33:00,858,568,Manutencao corretiva - pet,concluido
694,49,2026-03-20 08:19:00,2026-03-20 11:19:00,859,569,Manutencao corretiva - angiografia,concluido
695,49,2026-07-04 16:00:00,2026-07-04 20:00:00,860,,Manutencao preventiva agendada - angiografia,agendado
696,40,2026-01-05 05:00:00,2026-01-05 09:00:00,861,570,Manutencao preventiva - ultrassom,concluido
697,33,2026-05-26 02:00:00,2026-06-06 16:00:00,862,571,Manutencao preventiva em andamento - arco cirurgico,em atendimento
698,24,2026-07-06 16:00:00,2026-07-06 19:00:00,863,,Manutencao preventiva agendada - ressonancia magnetica,agendado
699,39,2026-03-16 10:01:00,2026-03-16 17:01:00,864,572,Manutencao corretiva - ultrassom,concluido
700,26,2026-07-01 16:00:00,2026-07-01 20:00:00,865,,Manutencao preventiva agendada - angiografia,agendado
701,19,2026-04-22 13:00:00,2026-04-22 15:00:00,866,573,Manutencao preventiva - arco cirurgico,concluido
702,45,2026-01-06 17:34:00,2026-01-07 00:34:00,867,574,Manutencao corretiva - ultrassom,concluido
703,42,2026-04-05 12:00:00,2026-04-05 16:00:00,868,575,Manutencao preventiva - tc,concluido
704,18,2026-03-23 20:00:00,2026-03-24 00:00:00,869,576,Manutencao preventiva - pet,concluido
705,55,2026-01-15 13:00:00,2026-01-15 19:00:00,870,577,Manutencao preventiva - tc,concluido
706,21,2026-04-17 20:07:00,2026-04-17 22:07:00,871,578,Manutencao corretiva - pet,concluido
707,42,2026-01-23 20:00:00,2026-01-23 23:00:00,872,579,Manutencao preventiva - arco cirurgico,concluido
708,44,2026-01-31 14:00:00,2026-01-31 20:00:00,873,580,Manutencao preventiva - ressonancia magnetica,concluido
709,2,2025-12-26 03:00:00,2025-12-26 08:00:00,874,581,Manutencao preventiva - raio x,concluido
710,58,2026-02-23 14:37:00,2026-02-23 21:37:00,875,582,Manutencao corretiva - arco cirurgico,concluido
711,50,2026-03-30 15:44:00,2026-03-30 22:44:00,876,583,Manutencao corretiva - ressonancia magnetica,concluido
712,37,2026-04-15 12:21:00,2026-04-15 17:21:00,877,584,Manutencao corretiva - tc,concluido
713,35,2026-05-27 18:00:00,2026-06-06 16:00:00,879,585,Manutencao preventiva em andamento - tc,em atendimento
714,48,2026-01-11 14:00:00,2026-01-11 17:00:00,881,586,Manutencao preventiva - raio x,concluido
715,60,2026-01-26 06:00:00,2026-01-26 09:00:00,882,587,Manutencao preventiva - raio x,concluido
716,32,2026-06-02 22:00:00,2026-06-06 16:00:00,884,588,Manutencao preventiva em andamento - pet,em atendimento
717,35,2026-03-12 07:23:00,2026-03-12 15:23:00,885,589,Manutencao corretiva - tc,concluido
718,25,2026-03-25 01:36:00,2026-03-25 03:36:00,886,590,Manutencao corretiva - tc,concluido
719,13,2026-04-30 20:00:00,2026-04-30 22:00:00,887,591,Manutencao preventiva - arco cirurgico,concluido
720,20,2026-04-23 16:52:00,2026-04-23 22:52:00,888,592,Manutencao corretiva - ressonancia magnetica,concluido
721,35,2026-01-27 19:59:00,2026-01-28 04:59:00,889,593,Manutencao corretiva - ressonancia magnetica,concluido
722,37,2026-06-20 16:00:00,2026-06-20 20:00:00,890,,Manutencao preventiva agendada - tc,agendado
723,47,2026-02-11 03:51:00,2026-02-11 05:51:00,891,594,Manutencao corretiva - pet,concluido
724,34,2026-06-25 16:00:00,2026-06-25 18:00:00,892,,Manutencao preventiva agendada - angiografia,agendado
725,58,2026-02-01 15:00:00,2026-02-02 00:00:00,893,595,Manutencao corretiva - tc,concluido
726,23,2026-06-19 16:00:00,2026-06-19 18:00:00,894,,Manutencao preventiva agendada - ultrassom,agendado
727,8,2026-02-01 06:05:00,2026-02-01 13:05:00,895,596,Manutencao corretiva - arco cirurgico,concluido
728,50,2026-01-24 07:00:00,2026-01-24 11:00:00,896,597,Manutencao preventiva - ressonancia magnetica,concluido
729,17,2026-05-12 10:51:00,2026-05-12 13:51:00,897,598,Manutencao corretiva - pet,concluido
730,22,2026-04-03 14:18:00,2026-04-03 20:18:00,898,599,Manutencao corretiva - pet,concluido
731,51,2026-02-18 12:00:00,2026-02-18 18:00:00,899,600,Manutencao preventiva - tc,concluido
732,21,2026-06-04 09:00:00,2026-06-06 16:00:00,900,601,Manutencao preventiva em andamento - ultrassom,em atendimento
733,45,2026-07-04 16:00:00,2026-07-04 19:00:00,902,,Manutencao preventiva agendada - arco cirurgico,agendado
734,39,2026-06-09 16:00:00,2026-06-09 19:00:00,903,,Manutencao preventiva agendada - pet,agendado
735,23,2026-06-24 16:00:00,2026-06-24 19:00:00,904,,Manutencao preventiva agendada - ultrassom,agendado
736,25,2026-02-09 00:00:00,2026-02-09 09:00:00,905,602,Manutencao corretiva - tc,concluido
737,18,2026-02-23 23:00:00,2026-02-24 01:00:00,908,603,Manutencao preventiva - arco cirurgico,concluido
738,55,2026-05-19 06:00:00,2026-05-19 11:00:00,909,604,Manutencao preventiva - raio x,concluido
739,7,2026-06-28 16:00:00,2026-06-28 20:00:00,910,,Manutencao preventiva agendada - angiografia,agendado
740,40,2026-06-16 16:00:00,2026-06-16 20:00:00,912,,Manutencao preventiva agendada - ultrassom,agendado
741,50,2026-06-24 16:00:00,2026-06-24 20:00:00,913,,Manutencao preventiva agendada - angiografia,agendado
742,6,2026-06-18 16:00:00,2026-06-18 20:00:00,914,,Manutencao preventiva agendada - pet,agendado
743,42,2026-02-07 07:12:00,2026-02-07 11:12:00,915,605,Manutencao corretiva - arco cirurgico,concluido
744,3,2026-06-15 16:00:00,2026-06-15 18:00:00,916,,Manutencao preventiva agendada - raio x,agendado
745,58,2026-05-30 03:00:00,2026-06-06 16:00:00,917,606,Manutencao preventiva em andamento - pet,em atendimento
746,29,2026-01-08 22:24:00,2026-01-09 00:24:00,918,607,Manutencao corretiva - arco cirurgico,concluido
747,38,2026-04-13 16:01:00,2026-04-13 21:01:00,919,608,Manutencao corretiva - angiografia,concluido
748,33,2026-03-29 12:00:00,2026-03-29 15:00:00,921,609,Manutencao preventiva - tc,concluido
749,44,2025-12-23 19:00:00,2025-12-24 00:00:00,922,610,Manutencao preventiva - ultrassom,concluido
750,56,2026-06-05 11:00:00,2026-06-06 16:00:00,923,611,Manutencao preventiva em andamento - raio x,em atendimento
751,23,2026-05-20 12:00:00,2026-05-20 15:00:00,924,612,Manutencao preventiva - ultrassom,concluido
752,20,2026-06-17 16:00:00,2026-06-17 20:00:00,925,,Manutencao preventiva agendada - ressonancia magnetica,agendado
753,27,2026-06-14 16:00:00,2026-06-14 19:00:00,926,,Manutencao preventiva agendada - ressonancia magnetica,agendado
754,14,2026-02-05 19:12:00,2026-02-06 02:12:00,928,613,Manutencao corretiva - angiografia,concluido
755,14,2026-03-30 11:40:00,2026-03-30 13:40:00,929,614,Manutencao corretiva - angiografia,concluido
756,35,2026-02-12 14:00:00,2026-02-12 18:00:00,930,615,Manutencao preventiva - raio x,concluido
757,12,2026-04-06 02:59:00,2026-04-06 07:59:00,931,616,Manutencao corretiva - angiografia,concluido
758,20,2026-03-07 22:56:00,2026-03-08 03:56:00,932,617,Manutencao corretiva - pet,concluido
759,35,2026-02-27 11:00:00,2026-02-27 16:00:00,933,618,Manutencao preventiva - ressonancia magnetica,concluido
760,29,2026-05-27 15:00:00,2026-06-06 16:00:00,934,619,Manutencao preventiva em andamento - arco cirurgico,em atendimento
761,33,2026-05-27 16:00:00,2026-06-06 16:00:00,935,620,Manutencao preventiva em andamento - arco cirurgico,em atendimento
762,19,2026-03-22 21:00:00,2026-03-23 02:00:00,936,621,Manutencao preventiva - tc,concluido
763,30,2026-06-17 16:00:00,2026-06-17 19:00:00,939,,Manutencao preventiva agendada - tc,agendado
764,26,2026-05-24 01:00:00,2026-06-06 16:00:00,940,622,Manutencao preventiva em andamento - arco cirurgico,em atendimento
765,44,2026-01-03 07:54:00,2026-01-03 09:54:00,942,623,Manutencao corretiva - ressonancia magnetica,concluido
766,44,2026-01-28 15:52:00,2026-01-28 21:52:00,943,624,Manutencao corretiva - ultrassom,concluido
767,8,2026-05-28 12:00:00,2026-06-06 16:00:00,944,625,Manutencao preventiva em andamento - angiografia,em atendimento
